employee_id,name,department,salary,city,job_title
101,John Smith,IT,75000,Bangalore,Software Engineer
102,Alice Johnson,HR,62000,Mumbai,HR Executive
103,Robert Brown,Finance,80000,Delhi,Financial Analyst
104,Emily Davis,IT,72000,Hyderabad,System Administrator
105,Michael Wilson,Sales,55000,Chennai,Sales Executive
106,Sophia Taylor,Marketing,68000,Pune,Marketing Specialist
107,Daniel Anderson,Finance,85000,Delhi,Senior Financial Analyst
108,Olivia Thomas,HR,60000,Mumbai,HR Coordinator
109,James Jackson,IT,90000,Bangalore,Technical Lead
110,Emma White,Sales,58000,Chennai,Sales Executive
111,William Harris,Marketing,71000,Pune,Digital Marketing Analyst
112,Ava Martin,Finance,95000,Delhi,Finance Manager
113,Benjamin Thompson,IT,77000,Hyderabad,Data Engineer
114,Charlotte Garcia,HR,64000,Kolkata,Talent Acquisition Specialist
115,Lucas Martinez,Sales,53000,Chennai,Sales Associate
116,Mia Robinson,Marketing,69000,Pune,Content Strategist
117,Henry Clark,Finance,88000,Delhi,Senior Accountant
118,Amelia Rodriguez,IT,81000,Bangalore,Cloud Engineer
119,Alexander Lewis,HR,66000,Kolkata,HR Business Partner
120,Harper Lee,Sales,57000,Chennai,Sales Representative
121,Ethan Walker,Marketing,73000,Pune,Marketing Manager
122,Evelyn Hall,Finance,92000,Delhi,Finance Director
123,Jacob Allen,IT,76000,Hyderabad,Software Developer
124,Abigail Young,HR,61000,Mumbai,Recruitment Coordinator
125,Logan Hernandez,Sales,54000,Chennai,Sales Associate
126,Elizabeth King,Marketing,70000,Pune,SEO Specialist
127,Mason Wright,Finance,87000,Delhi,Investment Analyst
128,Sofia Lopez,IT,83000,Bangalore,DevOps Engineer
129,Elijah Hill,HR,65000,Kolkata,Training Specialist
130,Scarlett Scott,Sales,59000,Chennai,Account Executive